email,first_name,last_name,create_date
cantrellanthony@alvarez.biz,Anthony,Lawson,2024-08-19
cassandra97@yahoo.com,Chelsea,Watson,2024-02-04
freemansharon@combs.com,Erin,Whitaker,2024-02-05
priceadam@hotmail.com,Melvin,Hernandez,2024-05-11
raytimothy@carter-hanna.info,Ethan,Shaw,2024-01-08
eyoung@hotmail.com,Kristina,Trevino,2024-04-20
jimenezdalton@gmail.com,Shelley,Pineda,2024-08-01
tweaver@thompson-archer.com,Kenneth,Ferguson,2024-06-07
ryan42@aguilar-silva.org,Kevin,Craig,2024-02-03
hdeleon@hotmail.com,Tracey,Espinoza,2024-05-03